PRAGMA foreign_keys = ON;

INSERT INTO "USER" VALUES (12340, 'Cristina Ferreira', 'peixeira2018', 400000003478659834, 760200300,'the_real_cristina@iol.pt', 3.5, 21);
INSERT INTO "USER" VALUES (12341, 'Joaquim Barreiros', 'garagem42', 310000001549652378, 911200100,'cabritinha619@gmail.com', 3.7, 19);
INSERT INTO "USER" VALUES (12342, 'Carlinhos', 'jajao1010', 124000015497823785, 969174581,'naovalebujas@gmail.com', 4.2, 34);
INSERT INTO "USER" VALUES (12343, 'Michele', 'ondina9', 345000001549657094, 923432769,'rainha.do.estiva@gmail.com', 1.0, 10);
INSERT INTO "USER" VALUES (12345, 'João', 'dasdaj121', 400000001549652378, 931111111,'joao@gmail.com', 4.0, 12);
INSERT INTO "USER" VALUES (12346, 'André', 'fhsdkfhs', 015200001964856732, 918921333,'a.freitas@hotmail.com', 5.0, 1);
INSERT INTO "USER" VALUES (12347, 'Fernando', '4532k5tyu', 400000121365452721, 934444444,'fern95@gmail.com', 4.2, 23);
INSERT INTO "USER" VALUES (12348, 'Ana', 'Had2jk34a', 369800001365456845, 932222222,'ana23@gmail.com', 3.1, 4);
INSERT INTO "USER" VALUES (12349, 'Zé', '59Bv8pu9', 320076140187902037, 916916379,'ze@gmail.com', 8.0, 65);
INSERT INTO "USER" VALUES (12350, 'Pedro', '5CGnee8m', 162173540524818039, 918265670,'pedrox@hotmail.com', 2.6, 21);
INSERT INTO "USER" VALUES (12351, 'Isabel', 'zN3zYy9y', 508783347182895808, 922965490,'isaB3l@gmail.com', 2.2, 77);
INSERT INTO "USER" VALUES (12352, 'Joana', 'qd9pQh6U', 511286026730188944, 965289753,'Juhana21@gmail.com', 7.1, 41);

INSERT INTO "BUYER" VALUES (12347, 'Fernando', '4532k5tyu', 400000121365452721, 934444444,'fern95@gmail.com');
INSERT INTO "BUYER" VALUES (12348, 'Ana', 'Had2jk34a', 369800001365456845, 932222222,'ana23@gmail.com');
INSERT INTO "BUYER" VALUES (12351, 'Isabel', 'zN3zYy9y', 508783347182895808, 922965490,'isaB3l@gmail.com');
INSERT INTO "BUYER" VALUES (12350, 'Pedro', '5CGnee8m', 162173540524818039, 918265670,'pedrox@hotmail.com');
INSERT INTO "BUYER" VALUES (12340, 'Cristina Ferreira', 'peixeira2018', 400000003478659834, 760200300,'the_real_cristina@iol.pt');
INSERT INTO "BUYER" VALUES (12341, 'Joaquim Barreiros', 'garagem42', 310000001549652378, 911200100,'cabritinha619@gmail.com');
INSERT INTO "BUYER" VALUES (12342, 'Carlinhos', 'jajao1010', 124000015497823785, 969174581,'naovalebujas@gmail.com');
INSERT INTO "BUYER" VALUES (12343, 'Michele', 'ondina9', 345000001549657094, 923432769,'rainha.do.estiva@gmail.com');

INSERT INTO "VENDOR" VALUES (12345, 'João', 'dasdaj121', 400000001549652378, 931111111,'joao@gmail.com', 4.0, 12);
INSERT INTO "VENDOR" VALUES (12346, 'André', 'fhsdkfhs', 015200001964856732, 918921333,'a.freitas@hotmail.com', 4.8, 5);
INSERT INTO "VENDOR" VALUES (12347, 'Fernando', '4532k5tyu', 400000121365452721, 934444444,'fern95@gmail.com', 3.2, 23);
INSERT INTO "VENDOR" VALUES (12349, 'Zé', '59Bv8pu9', 320076140187902037, 916916379,'ze@gmail.com', 4.6, 65);
INSERT INTO "VENDOR" VALUES (12352, 'Joana', 'qd9pQh6U', 511286026730188944, 965289753,'Juhana21@gmail.com', 4.1, 41);

INSERT INTO "VOTE" VALUES (12347, 12345, 4.0);
INSERT INTO "VOTE" VALUES (12343, 12346, 4.0);
INSERT INTO "VOTE" VALUES (12341, 12347, 4.0);
INSERT INTO "VOTE" VALUES (12350, 12349, 4.0);
INSERT INTO "VOTE" VALUES (12348, 12352, 4.0);


INSERT INTO "ADDRESS" VALUES ('Rua da Boavista, 345', '9347-127',12348);
INSERT INTO "ADDRESS" VALUES ('Rua de Vista, 345', '9197-300',12348);
INSERT INTO "ADDRESS" VALUES ('Rua Academico Futbol Club', '9277-297',12350);
INSERT INTO "ADDRESS" VALUES ('Rua da Azenha Boavista', '9841-117',12351);
INSERT INTO "ADDRESS" VALUES ('Rua de S.Tiago, 666', '9797-870',12340);
INSERT INTO "ADDRESS" VALUES ('Alameda Prof.Hernani Monteiro, 32', '9127-547',12341);
INSERT INTO "ADDRESS" VALUES ('Rua Eugénio de Castro, 270 hab 104', '9397-217',12342);
INSERT INTO "ADDRESS" VALUES ('Rua da Alegria, 35', '9397-987',12343);
INSERT INTO "ADDRESS" VALUES ('Rua Escura e Duvidosa, 619', '4200-213', 12348);

INSERT INTO "TAG" VALUES ('Computadores');
INSERT INTO "TAG" VALUES ('Telemoveis');
INSERT INTO "TAG" VALUES ('Outdoor');
INSERT INTO "TAG" VALUES ('Calçado');
INSERT INTO "TAG" VALUES ('Vestuario');
INSERT INTO "TAG" VALUES ("Mobília");

INSERT INTO "ADVERTISEMENT" VALUES (1,20,'Vendo bicicleta e pneus', 2.0,12345);
INSERT INTO "ADVERTISEMENT" VALUES (2,8,'iphone5s por usar', 4.0,12345);
INSERT INTO "ADVERTISEMENT" VALUES (3,14,'mochila de pc ', 3.0,12349);
INSERT INTO "ADVERTISEMENT" VALUES (4,18,'sapatilhas NIKE novas',  1.8,12347);
INSERT INTO "ADVERTISEMENT" VALUES (8,20,'Polo para criança - Embalados', 2.0,12349);
INSERT INTO "ADVERTISEMENT" VALUES (5,8,'Sandálias Geox para menina', 4.0,12352);
INSERT INTO "ADVERTISEMENT" VALUES (51,14,'PAINEL SOLAR ATÉ 300-LITROS', 3.0,12349);
INSERT INTO "ADVERTISEMENT" VALUES (9,18,'Sommier articulado (cama)',  1.8,12349);
INSERT INTO "ADVERTISEMENT" VALUES (10,5,'Cadeira de jardim não muito degradada',  2.8,12345);

INSERT INTO "ADVERTISEMENTTAG" VALUES (1, "Outdoor");
INSERT INTO "ADVERTISEMENTTAG" VALUES (51, "Outdoor");
INSERT INTO "ADVERTISEMENTTAG" VALUES (10, "Outdoor");
INSERT INTO "ADVERTISEMENTTAG" VALUES (2, "Telemoveis");
INSERT INTO "ADVERTISEMENTTAG" VALUES (3, "Computadores");
INSERT INTO "ADVERTISEMENTTAG" VALUES (4, "Calçado");
INSERT INTO "ADVERTISEMENTTAG" VALUES (5, "Calçado");
INSERT INTO "ADVERTISEMENTTAG" VALUES (8, "Vestuario");
INSERT INTO "ADVERTISEMENTTAG" VALUES (9, "Mobília");

INSERT INTO "ITEM" VALUES (7421, 'pneus bicicleta', 1, '2018-05-15 18:00:00', '2018-05-15 21:30:00',	20, 1,12347);
INSERT INTO "ITEM" VALUES (1565, 'iphone5s', 1, '2018-05-15 08:30:00', '2018-05-17 12:30:00', 0, 2,NULL);
INSERT INTO "ITEM" VALUES (3425, 'mochila de portatil 15.6 RIVACASE', 1, '2018-05-15 17:00:00', '2018-05-15 23:00:00', 26, 3,12350);
INSERT INTO "ITEM" VALUES (4589, 'NIKE REVOLUTE 4', 2, '2018-05-15 16:30:00', '2018-06-16 16:30:00', 30, 4,12350);
INSERT INTO "ITEM" VALUES (5464, 'sandalias geox', 1, '2018-05-15 18:00:00', '2018-05-15 21:30:00',	0, 5,NULL);
INSERT INTO "ITEM" VALUES (9879, 'polo criança', 1, '2018-05-15 08:30:00', '2018-05-15 12:30:00', 0, 8,NULL);
INSERT INTO "ITEM" VALUES (2151, 'sommier articulado', 2, '2018-05-15 17:00:00', '2018-05-15 23:00:00', 0, 9,NULL);
INSERT INTO "ITEM" VALUES (4578, 'painel solar', 2, '2018-04-15 16:30:00', '2018-04-16 16:30:00', 0, 51,NULL);
INSERT INTO "ITEM" VALUES (4183, 'cadeira de jardim', 2, '2018-05-15 16:30:00', '2018-06-16 16:30:00', 0, 10,NULL);

INSERT INTO "ITEMTAG" VALUES (7421, "Outdoor");
INSERT INTO "ITEMTAG" VALUES (4578, "Outdoor");
INSERT INTO "ITEMTAG" VALUES (4183, "Outdoor");
INSERT INTO "ITEMTAG" VALUES (1565, "Telemoveis");
INSERT INTO "ITEMTAG" VALUES (3425, "Computadores");
INSERT INTO "ITEMTAG" VALUES (4589, "Calçado");
INSERT INTO "ITEMTAG" VALUES (5464, "Calçado");
INSERT INTO "ITEMTAG" VALUES (9879, "Vestuario");
INSERT INTO "ITEMTAG" VALUES (2151, "Mobília");

INSERT INTO "SALE" VALUES (5.0, '2018-05-16 21:30:00', 7421, 'Rua da Boavista, 345', 12348);
INSERT INTO "SALE" VALUES (4.5, '2018-05-18 12:30:00', 1565, 'Rua de Vista, 345', 12348);
INSERT INTO "SALE" VALUES (4.5, '2018-04-18 15:30:00', 4589, 'Rua Escura e Duvidosa, 619', 12348);
INSERT INTO "SALE" VALUES (6.0, '2018-05-16 23:00:00', 3425, 'Rua Academico Futbol Club', 12350);

INSERT INTO "BID" VALUES (20, '2018-05-15 21:12:32', 7421,12347);
INSERT INTO "BID" VALUES (18, '2018-05-15 18:23:08', 3425,12348);
INSERT INTO "BID" VALUES (26, '2018-05-15 22:43:56', 3425,12347);
INSERT INTO "BID" VALUES (30, '2018-05-16 10:17:47', 4589,12348);
